letter,name,url
A,Abdominal aortic aneurysm,https://www.nhsinform.scot/illnesses-and-conditions/a-to-z/abdominal-aortic-aneurysm/
A,Achilles tendinopathy,https://www.nhsinform.scot/illnesses-and-conditions/muscle-bone-and-joints/leg-and-foot-problems-and-conditions/achilles-tendinopathy/
A,Acne,https://www.nhsinform.scot/illnesses-and-conditions/skin-hair-and-nails/acne/
A,Acute cholecystitis,https://www.nhsinform.scot/illnesses-and-conditions/stomach-liver-and-gastrointestinal-tract/acute-cholecystitis/
A,Acute lymphoblastic leukaemia,https://www.nhsinform.scot/illnesses-and-conditions/cancer/cancer-types-in-adults/acute-lymphoblastic-leukaemia/
A,Acute lymphoblastic leukaemia: Children,https://www.nhsinform.scot/illnesses-and-conditions/cancer/cancer-types-in-children/acute-lymphoblastic-leukaemia-children/
A,Acute lymphoblastic leukaemia: Teenagers and young adults,https://www.nhsinform.scot/illnesses-and-conditions/cancer/cancer-types-in-teenagers-and-young-adults/acute-lymphoblastic-leukaemia-teenagers-and-young-adults/
A,Acute myeloid leukaemia,https://www.nhsinform.scot/illnesses-and-conditions/cancer/cancer-types-in-adults/acute-myeloid-leukaemia/
A,Acute myeloid leukaemia: Children,https://www.nhsinform.scot/illnesses-and-conditions/cancer/cancer-types-in-children/acute-myeloid-leukaemia-children/
A,Acute myeloid leukaemia: Teenagers and young adults,https://www.nhsinform.scot/illnesses-and-conditions/cancer/cancer-types-in-teenagers-and-young-adults/acute-myeloid-leukaemia-teenagers-and-young-adults/
A,Acute pancreatitis,https://www.nhsinform.scot/illnesses-and-conditions/stomach-liver-and-gastrointestinal-tract/acute-pancreatitis/
A,Addison’s disease,https://www.nhsinform.scot/illnesses-and-conditions/glands/addisons-disease/
A,Adenomyosis,https://www.nhsinform.scot/healthy-living/womens-health/girls-and-young-women-puberty-to-around-25/periods-and-menstrual-health/adenomyosis/
A,Alcohol-related liver disease,https://www.nhsinform.scot/illnesses-and-conditions/stomach-liver-and-gastrointestinal-tract/alcohol-related-liver-disease/
A,Allergic rhinitis,https://www.nhsinform.scot/illnesses-and-conditions/ears-nose-and-throat/allergic-rhinitis/
A,Allergies,https://www.nhsinform.scot/illnesses-and-conditions/immune-system/allergies/
A,Alzheimer’s disease,https://www.nhsinform.scot/illnesses-and-conditions/brain-nerves-and-spinal-cord/dementia/types-of-dementia/alzheimers-disease/
A,Anal cancer,https://www.nhsinform.scot/illnesses-and-conditions/cancer/cancer-types-in-adults/anal-cancer/
A,Anaphylaxis,https://www.nhsinform.scot/illnesses-and-conditions/immune-system/anaphylaxis/
A,Angina,https://www.nhsinform.scot/illnesses-and-conditions/cardiovascular-disease/heart-disease/angina/
A,Angioedema,https://www.nhsinform.scot/illnesses-and-conditions/skin-hair-and-nails/angioedema/
A,Ankle sprain,https://www.nhsinform.scot/illnesses-and-conditions/muscle-bone-and-joints/leg-and-foot-problems-and-conditions/ankle-sprain/
A,Ankle avulsion fracture,https://www.nhsinform.scot/illnesses-and-conditions/muscle-bone-and-joints/leg-and-foot-problems-and-conditions/ankle-avulsion-fracture/
A,Ankylosing spondylitis,https://www.nhsinform.scot/illnesses-and-conditions/muscle-bone-and-joints/neck-and-back-problems-and-conditions/ankylosing-spondylitis/
A,Anorexia nervosa,https://www.nhsinform.scot/illnesses-and-conditions/mental-health/anorexia-nervosa/
A,Anxiety,https://www.nhsinform.scot/illnesses-and-conditions/mental-health/anxiety/
A,Anxiety disorders in children,https://www.nhsinform.scot/illnesses-and-conditions/mental-health/anxiety-disorders-in-children/
A,Appendicitis,https://www.nhsinform.scot/illnesses-and-conditions/stomach-liver-and-gastrointestinal-tract/appendicitis/
A,Arterial thrombosis,https://www.nhsinform.scot/illnesses-and-conditions/a-to-z/arterial-thrombosis/
A,Arthritis,https://www.nhsinform.scot/illnesses-and-conditions/muscle-bone-and-joints/conditions-that-can-affect-multiple-parts-of-the-body/arthritis/
A,Asbestosis,https://www.nhsinform.scot/illnesses-and-conditions/lungs-and-airways/asbestosis/
A,Asthma,https://www.nhsinform.scot/illnesses-and-conditions/lungs-and-airways/asthma/
A,Ataxia,https://www.nhsinform.scot/illnesses-and-conditions/brain-nerves-and-spinal-cord/ataxia/
A,Atopic eczema,https://www.nhsinform.scot/illnesses-and-conditions/skin-hair-and-nails/atopic-eczema/
A,Atrial fibrillation,https://www.nhsinform.scot/illnesses-and-conditions/cardiovascular-disease/heart-disease/atrial-fibrillation/
A,Attention deficit hyperactivity disorder (ADHD),https://www.nhsinform.scot/illnesses-and-conditions/mental-health/attention-deficit-hyperactivity-disorder-adhd/
A,Autism,https://www.nhsinform.scot/illnesses-and-conditions/brain-nerves-and-spinal-cord/autism/autism/
B,Bacterial vaginosis,https://www.nhsinform.scot/illnesses-and-conditions/sexual-and-reproductive/bacterial-vaginosis/
B,Benign prostate enlargement,https://www.nhsinform.scot/illnesses-and-conditions/kidneys-bladder-and-prostate/benign-prostate-enlargement/
B,Bile duct cancer (cholangiocarcinoma),https://www.nhsinform.scot/illnesses-and-conditions/cancer/cancer-types-in-adults/bile-duct-cancer-cholangiocarcinoma/
B,Binge eating,https://www.nhsinform.scot/illnesses-and-conditions/mental-health/binge-eating-disorder/
B,Bipolar disorder,https://www.nhsinform.scot/illnesses-and-conditions/mental-health/bipolar-disorder/
B,Bladder cancer,https://www.nhsinform.scot/illnesses-and-conditions/cancer/cancer-types-in-adults/bladder-cancer/
B,Blood poisoning (sepsis),https://www.nhsinform.scot/illnesses-and-conditions/blood-and-lymph/sepsis/
B,Bone cancer,https://www.nhsinform.scot/illnesses-and-conditions/cancer/cancer-types-in-adults/bone-cancer/
B,Bone cancer: Teenagers and young adults,https://www.nhsinform.scot/illnesses-and-conditions/cancer/cancer-types-in-teenagers-and-young-adults/bone-cancer-teenagers-and-young-adults/
B,Bowel cancer,https://www.nhsinform.scot/illnesses-and-conditions/cancer/cancer-types-in-adults/bowel-cancer/
B,Bowel incontinence,https://www.nhsinform.scot/illnesses-and-conditions/stomach-liver-and-gastrointestinal-tract/bowel-incontinence/
B,Bowel polyps,https://www.nhsinform.scot/illnesses-and-conditions/stomach-liver-and-gastrointestinal-tract/bowel-polyps/
B,Brain stem death,https://www.nhsinform.scot/illnesses-and-conditions/brain-nerves-and-spinal-cord/brain-stem-death/
B,Brain tumours,https://www.nhsinform.scot/illnesses-and-conditions/cancer/cancer-types-in-adults/brain-tumours/
B,Brain tumours: Children,https://www.nhsinform.scot/illnesses-and-conditions/cancer/cancer-types-in-children/brain-tumours-children/
B,Brain tumours: Teenagers and young adults,https://www.nhsinform.scot/illnesses-and-conditions/cancer/cancer-types-in-teenagers-and-young-adults/brain-tumours-teenagers-and-young-adults/
B,Breast cancer (female),https://www.nhsinform.scot/illnesses-and-conditions/cancer/cancer-types-in-adults/breast-cancer-female/
B,Breast cancer (male),https://www.nhsinform.scot/illnesses-and-conditions/cancer/cancer-types-in-adults/breast-cancer-male/
B,Bronchiectasis,https://www.nhsinform.scot/illnesses-and-conditions/lungs-and-airways/bronchiectasis/
B,Bronchitis,https://www.nhsinform.scot/illnesses-and-conditions/lungs-and-airways/bronchitis/
B,Bulimia,https://www.nhsinform.scot/illnesses-and-conditions/mental-health/bulimia/
B,Bunion,https://www.nhsinform.scot/illnesses-and-conditions/muscle-bone-and-joints/conditions/bunion-hallux-valgus/
C,Carcinoid syndrome and carcinoid tumours,https://www.nhsinform.scot/illnesses-and-conditions/cancer/cancer-types-in-adults/carcinoid-syndrome-and-carcinoid-tumours/
C,Cardiovascular disease,https://www.nhsinform.scot/illnesses-and-conditions/cardiovascular-disease/
C,Carpal tunnel syndrome,https://www.nhsinform.scot/illnesses-and-conditions/muscle-bone-and-joints/arm-shoulder-and-hand-problems-and-conditions/carpal-tunnel-syndrome/
C,Catarrh,https://www.nhsinform.scot/illnesses-and-conditions/lungs-and-airways/catarrh/
C,Cellulitis,https://www.nhsinform.scot/illnesses-and-conditions/skin-hair-and-nails/cellulitis/
C,Cerebral palsy,https://www.nhsinform.scot/illnesses-and-conditions/brain-nerves-and-spinal-cord/cerebral-palsy/
C,Cervical cancer,https://www.nhsinform.scot/illnesses-and-conditions/cancer/cancer-types-in-adults/cervical-cancer/
C,Cervical spondylosis,https://www.nhsinform.scot/illnesses-and-conditions/muscle-bone-and-joints/neck-and-back-problems-and-conditions/cervical-spondylosis/
C,Chest and rib injury,https://www.nhsinform.scot/illnesses-and-conditions/muscle-bone-and-joints/chest-and-rib-problems-and-conditions/chest-and-rib-injury/
C,Chest infection,https://www.nhsinform.scot/illnesses-and-conditions/infections-and-poisoning/chest-infection/
C,Chickenpox,https://www.nhsinform.scot/illnesses-and-conditions/infections-and-poisoning/chickenpox/
C,Chilblains,https://www.nhsinform.scot/illnesses-and-conditions/skin-hair-and-nails/chilblains/
C,Chlamydia,https://www.nhsinform.scot/illnesses-and-conditions/sexual-and-reproductive/chlamydia/
C,Chronic fatigue syndrome,https://www.nhsinform.scot/illnesses-and-conditions/brain-nerves-and-spinal-cord/myalgic-encephalomyelitis-me-or-chronic-fatigue-syndrome-cfs/
C,Chronic kidney disease,https://www.nhsinform.scot/illnesses-and-conditions/kidneys-bladder-and-prostate/chronic-kidney-disease/
C,Chronic lymphocytic leukaemia,https://www.nhsinform.scot/illnesses-and-conditions/cancer/cancer-types-in-adults/chronic-lymphocytic-leukaemia/
C,Chronic myeloid leukaemia,https://www.nhsinform.scot/illnesses-and-conditions/cancer/cancer-types-in-adults/chronic-myeloid-leukaemia/
C,Chronic obstructive pulmonary disease (COPD),https://www.nhsinform.scot/illnesses-and-conditions/lungs-and-airways/copd/chronic-obstructive-pulmonary-disease/
C,Chronic pain,https://www.nhsinform.scot/illnesses-and-conditions/brain-nerves-and-spinal-cord/chronic-pain
C,Chronic pancreatitis,https://www.nhsinform.scot/illnesses-and-conditions/stomach-liver-and-gastrointestinal-tract/chronic-pancreatitis/
C,Cirrhosis,https://www.nhsinform.scot/illnesses-and-conditions/stomach-liver-and-gastrointestinal-tract/cirrhosis/
C,Clostridium difficile,https://www.nhsinform.scot/illnesses-and-conditions/infections-and-poisoning/clostridium-difficile/
C,Coeliac disease,https://www.nhsinform.scot/illnesses-and-conditions/stomach-liver-and-gastrointestinal-tract/coeliac-disease/coeliac-disease/
C,Cold sore,https://www.nhsinform.scot/illnesses-and-conditions/mouth/cold-sore/
C,Coma,https://www.nhsinform.scot/illnesses-and-conditions/brain-nerves-and-spinal-cord/coma/
C,Common cold,https://www.nhsinform.scot/illnesses-and-conditions/infections-and-poisoning/common-cold/
C,Concussion,https://www.nhsinform.scot/illnesses-and-conditions/injuries/head-and-neck-injuries/concussion/
C,Congenital heart disease,https://www.nhsinform.scot/illnesses-and-conditions/cardiovascular-disease/heart-disease/congenital-heart-disease/
C,Conjunctivitis,https://www.nhsinform.scot/illnesses-and-conditions/eyes/conjunctivitis/
C,Constipation,https://www.nhsinform.scot/illnesses-and-conditions/stomach-liver-and-gastrointestinal-tract/constipation/
C,Coronary heart disease,https://www.nhsinform.scot/illnesses-and-conditions/cardiovascular-disease/heart-disease/coronary-heart-disease/
C,Coronavirus (COVID-19),https://www.nhsinform.scot/illnesses-and-conditions/infections-and-poisoning/coronavirus-covid-19/coronavirus-covid-19/
C,Coronavirus (COVID-19): Longer-term effects (long COVID),https://www.nhsinform.scot/long-term-effects-of-covid-19-long-covid/
C,Costochondritis,https://www.nhsinform.scot/illnesses-and-conditions/muscle-bone-and-joints/chest-and-rib-problems-and-conditions/costochondritis/
C,Cough,https://www.nhsinform.scot/illnesses-and-conditions/lungs-and-airways/cough/
C,Crohn’s disease,https://www.nhsinform.scot/illnesses-and-conditions/stomach-liver-and-gastrointestinal-tract/inflammatory-bowel-disease-ibd/crohns-disease/
C,Croup,https://www.nhsinform.scot/illnesses-and-conditions/lungs-and-airways/croup/
C,Cystic fibrosis,https://www.nhsinform.scot/illnesses-and-conditions/lungs-and-airways/cystic-fibrosis/
C,Cystitis,https://www.nhsinform.scot/illnesses-and-conditions/kidneys-bladder-and-prostate/cystitis/
D,Deafblindness,https://www.nhsinform.scot/illnesses-and-conditions/eyes/deafblindness/
D,Deep vein thrombosis,https://www.nhsinform.scot/illnesses-and-conditions/blood-and-lymph/deep-vein-thrombosis/
D,Degenerative cervical myelopathy,https://www.nhsinform.scot/illnesses-and-conditions/muscle-bone-and-joints/neck-and-back-problems-and-conditions/degenerative-cervical-myelopathy/
D,Dehydration,https://www.nhsinform.scot/illnesses-and-conditions/nutritional/dehydration/
D,Delirium,https://www.nhsinform.scot/illnesses-and-conditions/brain-nerves-and-spinal-cord/delirium/
D,Dementia,https://www.nhsinform.scot/illnesses-and-conditions/brain-nerves-and-spinal-cord/dementia
D,Dental abscess,https://www.nhsinform.scot/illnesses-and-conditions/mouth/dental-abscess/
D,Depression,https://www.nhsinform.scot/illnesses-and-conditions/mental-health/depression/
D,Dermatitis herpetiformis,https://www.nhsinform.scot/illnesses-and-conditions/skin-hair-and-nails/dermatitis-herpetiformis/
D,Diabetes,https://www.nhsinform.scot/illnesses-and-conditions/diabetes/diabetes/
D,Diabetic retinopathy,https://www.nhsinform.scot/illnesses-and-conditions/diabetes/diabetic-retinopathy/
D,Diarrhoea,https://www.nhsinform.scot/illnesses-and-conditions/stomach-liver-and-gastrointestinal-tract/diarrhoea/
D,Discoid eczema,https://www.nhsinform.scot/illnesses-and-conditions/skin-hair-and-nails/discoid-eczema/
D,Diverticular disease and diverticulitis,https://www.nhsinform.scot/illnesses-and-conditions/stomach-liver-and-gastrointestinal-tract/diverticular-disease-and-diverticulitis/
D,Dizziness (Lightheadedness),https://www.nhsinform.scot/illnesses-and-conditions/brain-nerves-and-spinal-cord/dizziness-lightheadedness/
D,Down’s syndrome,https://www.nhsinform.scot/illnesses-and-conditions/downs-syndrome/
D,Dry mouth,https://www.nhsinform.scot/illnesses-and-conditions/mouth/dry-mouth/
D,Dysphagia (swallowing problems),https://www.nhsinform.scot/illnesses-and-conditions/stomach-liver-and-gastrointestinal-tract/dysphagia-swallowing-problems/
D,Dystonia,https://www.nhsinform.scot/illnesses-and-conditions/brain-nerves-and-spinal-cord/dystonia/
E,Earache,https://www.nhsinform.scot/illnesses-and-conditions/ears-nose-and-throat/earache/
E,Earwax build-up,https://www.nhsinform.scot/illnesses-and-conditions/ears-nose-and-throat/earwax-build-up/
E,Ebola virus disease,https://www.nhsinform.scot/illnesses-and-conditions/infections-and-poisoning/ebola-virus-disease/
E,Ectopic pregnancy,https://www.nhsinform.scot/illnesses-and-conditions/pregnancy-and-childbirth/ectopic-pregnancy/
E,Edwards’ syndrome,https://www.nhsinform.scot/illnesses-and-conditions/chromosomal-conditions/edwards-syndrome/
E,Endometriosis,https://www.nhsinform.scot/healthy-living/womens-health/girls-and-young-women-puberty-to-around-25/periods-and-menstrual-health/endometriosis/
E,Epilepsy,https://www.nhsinform.scot/illnesses-and-conditions/brain-nerves-and-spinal-cord/epilepsy/
E,Erectile dysfunction (impotence),https://www.nhsinform.scot/illnesses-and-conditions/sexual-and-reproductive/erectile-dysfunction-impotence/
E,Escherichia coli (E. coli) O157,https://www.nhsinform.scot/illnesses-and-conditions/infections-and-poisoning/escherichia-coli-e-coli-o157/
E,Ewing sarcoma,https://www.nhsinform.scot/illnesses-and-conditions/cancer/cancer-types-in-adults/ewing-sarcoma/
E,Ewing sarcoma: Children,https://www.nhsinform.scot/illnesses-and-conditions/cancer/cancer-types-in-children/ewing-sarcoma-children/
E,Eye cancer,https://www.nhsinform.scot/illnesses-and-conditions/cancer/cancer-types-in-adults/eye-cancer/
E,Eating disorders,https://www.nhsinform.scot/illnesses-and-conditions/mental-health/eating-disorders/
F,Farting,https://www.nhsinform.scot/illnesses-and-conditions/stomach-liver-and-gastrointestinal-tract/farting/
F,Febrile seizures,https://www.nhsinform.scot/illnesses-and-conditions/brain-nerves-and-spinal-cord/febrile-seizures/
F,Feeling of something in your throat (Globus),https://www.nhsinform.scot/illnesses-and-conditions/ears-nose-and-throat/feeling-of-something-in-your-throat-globus/
F,Fever in adults,https://www.nhsinform.scot/illnesses-and-conditions/infections-and-poisoning/fever-in-adults/
F,Fever in children,https://www.nhsinform.scot/illnesses-and-conditions/infections-and-poisoning/fever-in-children/
F,Fibroids,https://www.nhsinform.scot/healthy-living/womens-health/girls-and-young-women-puberty-to-around-25/periods-and-menstrual-health/fibroids/
F,Fibromyalgia,https://www.nhsinform.scot/illnesses-and-conditions/brain-nerves-and-spinal-cord/chronic-pain/fibromyalgia/
F,Flu,https://www.nhsinform.scot/illnesses-and-conditions/infections-and-poisoning/flu/
F,Foetal alcohol syndrome,https://www.nhsinform.scot/ready-steady-baby/pregnancy/looking-after-yourself-and-your-baby/alcohol-and-pregnancy/
F,Food allergy,https://www.nhsinform.scot/illnesses-and-conditions/nutritional/food-allergy/
F,Food poisoning,https://www.nhsinform.scot/illnesses-and-conditions/infections-and-poisoning/food-poisoning/
F,Fragility fracture of the hip,https://www.nhsinform.scot/illnesses-and-conditions/muscle-bone-and-joints/leg-and-foot-problems-and-conditions/fragility-fracture-of-the-hip/
F,Frozen shoulder,https://www.nhsinform.scot/illnesses-and-conditions/muscle-bone-and-joints/arm-shoulder-and-hand-problems-and-conditions/frozen-shoulder/
F,Functional neurological disorder (FND),https://www.nhsinform.scot/illnesses-and-conditions/brain-nerves-and-spinal-cord/functional-neurological-disorder/
F,Fungal nail infection,https://www.nhsinform.scot/illnesses-and-conditions/skin-hair-and-nails/fungal-nail-infection/
G,Gallbladder cancer,https://www.nhsinform.scot/illnesses-and-conditions/cancer/cancer-types-in-adults/gallbladder-cancer/
G,Gallstones,https://www.nhsinform.scot/illnesses-and-conditions/stomach-liver-and-gastrointestinal-tract/gallstones/
G,Ganglion cyst,https://www.nhsinform.scot/illnesses-and-conditions/muscle-bone-and-joints/arm-shoulder-and-hand-problems-and-conditions/ganglion-cyst/
G,Gastroenteritis,https://www.nhsinform.scot/illnesses-and-conditions/stomach-liver-and-gastrointestinal-tract/gastroenteritis/
G,Gastro-oesophageal reflux disease (GORD),https://www.nhsinform.scot/illnesses-and-conditions/stomach-liver-and-gastrointestinal-tract/gastro-oesophageal-reflux-disease-gord/
G,Genital herpes,https://www.nhsinform.scot/illnesses-and-conditions/sexual-and-reproductive/genital-herpes/
G,Genital symptoms,https://www.nhsinform.scot/illnesses-and-conditions/sexual-and-reproductive/managing-genital-symptoms/
G,Genital warts,https://www.nhsinform.scot/illnesses-and-conditions/sexual-and-reproductive/genital-warts/
G,Germ cell tumours,https://www.nhsinform.scot/illnesses-and-conditions/cancer/cancer-types-in-children/germ-cell-tumours/
G,Glandular fever,https://www.nhsinform.scot/illnesses-and-conditions/infections-and-poisoning/glandular-fever/
G,Golfers elbow,https://www.nhsinform.scot/illnesses-and-conditions/muscle-bone-and-joints/arm-shoulder-and-hand-problems-and-conditions/golfers-elbow/
G,Gonorrhoea,https://www.nhsinform.scot/illnesses-and-conditions/sexual-and-reproductive/gonorrhoea/
G,Gout,https://www.nhsinform.scot/illnesses-and-conditions/muscle-bone-and-joints/leg-and-foot-problems-and-conditions/gout/
G,Greater trochanteric pain syndrome,https://www.nhsinform.scot/illnesses-and-conditions/muscle-bone-and-joints/leg-and-foot-problems-and-conditions/greater-trochanteric-pain-syndrome/
G,Gum disease,https://www.nhsinform.scot/illnesses-and-conditions/mouth/gum-disease/
H,Haemorrhoids (piles),https://www.nhsinform.scot/illnesses-and-conditions/stomach-liver-and-gastrointestinal-tract/haemorrhoids-piles/
H,"Hand, foot and mouth disease",https://www.nhsinform.scot/illnesses-and-conditions/infections-and-poisoning/hand-foot-and-mouth-disease/
H,Hay fever,https://www.nhsinform.scot/illnesses-and-conditions/immune-system/hay-fever/
H,Head and neck cancer,https://www.nhsinform.scot/illnesses-and-conditions/cancer/cancer-types-in-adults/head-and-neck-cancer/
H,Head lice and nits,https://www.nhsinform.scot/illnesses-and-conditions/skin-hair-and-nails/head-lice-and-nits/
H,Headaches,https://www.nhsinform.scot/illnesses-and-conditions/brain-nerves-and-spinal-cord/headaches/
H,Hearing loss,https://www.nhsinform.scot/illnesses-and-conditions/ears-nose-and-throat/hearing-loss/
H,Heart attack,https://www.nhsinform.scot/illnesses-and-conditions/cardiovascular-disease/heart-disease/heart-attack/
H,Heart block,https://www.nhsinform.scot/illnesses-and-conditions/cardiovascular-disease/heart-disease/heart-block/
H,Heart failure,https://www.nhsinform.scot/illnesses-and-conditions/cardiovascular-disease/heart-disease/heart-failure/
H,Heart palpitations,https://www.nhsinform.scot/illnesses-and-conditions/cardiovascular-disease/heart-disease/heart-palpitations/
H,Hepatitis A,https://www.nhsinform.scot/illnesses-and-conditions/stomach-liver-and-gastrointestinal-tract/hepatitis-a/
H,Hepatitis B,https://www.nhsinform.scot/illnesses-and-conditions/stomach-liver-and-gastrointestinal-tract/hepatitis-b/
H,Hepatitis C,https://www.nhsinform.scot/illnesses-and-conditions/stomach-liver-and-gastrointestinal-tract/hepatitis-c/
H,Hiatus hernia,https://www.nhsinform.scot/illnesses-and-conditions/stomach-liver-and-gastrointestinal-tract/hiatus-hernia/
H,High blood pressure (hypertension),https://www.nhsinform.scot/illnesses-and-conditions/cardiovascular-disease/risk-factors-for-cardiovascular-disease/high-blood-pressure-hypertension/
H,High cholesterol,https://www.nhsinform.scot/illnesses-and-conditions/cardiovascular-disease/risk-factors-for-cardiovascular-disease/high-cholesterol/
H,HIV,https://www.nhsinform.scot/illnesses-and-conditions/immune-system/hiv/
H,Hives,https://www.nhsinform.scot/illnesses-and-conditions/skin-hair-and-nails/hives/
H,Hodgkin lymphoma,https://www.nhsinform.scot/illnesses-and-conditions/cancer/cancer-types-in-adults/hodgkin-lymphoma/
H,Hodgkin lymphoma: Children,https://www.nhsinform.scot/illnesses-and-conditions/cancer/cancer-types-in-children/hodgkin-lymphoma-children/
H,Hodgkin lymphoma: Teenagers and young adults,https://www.nhsinform.scot/illnesses-and-conditions/cancer/cancer-types-in-teenagers-and-young-adults/hodgkin-lymphoma-teenagers-and-young-adults/
H,Huntington’s disease,https://www.nhsinform.scot/illnesses-and-conditions/brain-nerves-and-spinal-cord/huntingtons-disease/
H,Hydrocephalus,https://www.nhsinform.scot/illnesses-and-conditions/brain-nerves-and-spinal-cord/hydrocephalus/
H,Hyperglycaemia (high blood sugar),https://www.nhsinform.scot/illnesses-and-conditions/blood-and-lymph/hyperglycaemia-high-blood-sugar/
H,Hyperhidrosis,https://www.nhsinform.scot/illnesses-and-conditions/skin-hair-and-nails/hyperhidrosis/
H,Hypoglycaemia (low blood sugar),https://www.nhsinform.scot/illnesses-and-conditions/blood-and-lymph/hypoglycaemia-low-blood-sugar/
I,Idiopathic pulmonary fibrosis,https://www.nhsinform.scot/illnesses-and-conditions/lungs-and-airways/idiopathic-pulmonary-fibrosis/
I,If your child has cold or flu symptoms,https://www.nhsinform.scot/illnesses-and-conditions/lungs-and-airways/if-your-child-has-cold-or-flu-symptoms/
I,Impetigo,https://www.nhsinform.scot/illnesses-and-conditions/infections-and-poisoning/impetigo/
I,Indigestion,https://www.nhsinform.scot/illnesses-and-conditions/stomach-liver-and-gastrointestinal-tract/indigestion/
I,Ingrown toenail,https://www.nhsinform.scot/illnesses-and-conditions/skin-hair-and-nails/ingrown-toenail/
I,Infertility,https://www.nhsinform.scot/illnesses-and-conditions/sexual-and-reproductive/infertility/
I,Inflammatory bowel disease (IBD),https://www.nhsinform.scot/illnesses-and-conditions/stomach-liver-and-gastrointestinal-tract/inflammatory-bowel-disease-ibd
I,Inherited heart conditions,https://www.nhsinform.scot/illnesses-and-conditions/cardiovascular-disease/heart-disease/inherited-heart-conditions/
I,Insomnia,https://www.nhsinform.scot/illnesses-and-conditions/mental-health/insomnia/
I,Iron deficiency anaemia,https://www.nhsinform.scot/illnesses-and-conditions/nutritional/iron-deficiency-anaemia/
I,Irritable bowel syndrome (IBS),https://www.nhsinform.scot/illnesses-and-conditions/stomach-liver-and-gastrointestinal-tract/irritable-bowel-syndrome-ibs/
I,Itching,https://www.nhsinform.scot/illnesses-and-conditions/skin-hair-and-nails/itchy-skin/
I,Itchy bottom,https://www.nhsinform.scot/illnesses-and-conditions/skin-hair-and-nails/itchy-bottom/
I,Itchy skin,https://www.nhsinform.scot/illnesses-and-conditions/skin-hair-and-nails/itchy-skin/
J,Joint hypermobility,https://www.nhsinform.scot/illnesses-and-conditions/muscle-bone-and-joints/conditions-that-can-affect-multiple-parts-of-the-body/joint-hypermobility/
K,Kaposi’s sarcoma,https://www.nhsinform.scot/illnesses-and-conditions/cancer/cancer-types-in-adults/kaposis-sarcoma/
K,Kidney cancer,https://www.nhsinform.scot/illnesses-and-conditions/cancer/cancer-types-in-adults/kidney-cancer/
K,Kidney infection,https://www.nhsinform.scot/illnesses-and-conditions/kidneys-bladder-and-prostate/kidney-infection/
K,Kidney stones,https://www.nhsinform.scot/illnesses-and-conditions/kidneys-bladder-and-prostate/kidney-stones/
L,Labyrinthitis,https://www.nhsinform.scot/illnesses-and-conditions/ears-nose-and-throat/labyrinthitis/
L,Lactose intolerance,https://www.nhsinform.scot/illnesses-and-conditions/nutritional/lactose-intolerance/
L,Laryngeal (larynx) cancer,https://www.nhsinform.scot/illnesses-and-conditions/cancer/cancer-types-in-adults/laryngeal-larynx-cancer/
L,Laryngitis,https://www.nhsinform.scot/illnesses-and-conditions/ears-nose-and-throat/laryngitis/
L,Leg cramps,https://www.nhsinform.scot/illnesses-and-conditions/muscle-bone-and-joints/leg-and-foot-problems-and-conditions/leg-cramps/
L,Lichen planus,https://www.nhsinform.scot/illnesses-and-conditions/skin-hair-and-nails/lichen-planus/
L,Lipoedema,https://www.nhsinform.scot/healthy-living/womens-health/middle-years-around-25-to-50-years/long-term-conditions/lipoedema/
L,Liver cancer,https://www.nhsinform.scot/illnesses-and-conditions/cancer/cancer-types-in-adults/liver-cancer/
L,Liver disease,https://www.nhsinform.scot/illnesses-and-conditions/stomach-liver-and-gastrointestinal-tract/liver-disease/
L,Liver tumours,https://www.nhsinform.scot/illnesses-and-conditions/cancer/cancer-types-in-children/liver-tumours/
L,Long-term effects of COVID-19,https://www.nhsinform.scot/long-term-effects-of-covid-19-long-covid/
L,Loss of libido,https://www.nhsinform.scot/illnesses-and-conditions/sexual-and-reproductive/loss-of-libido/
L,Low blood pressure (hypotension),https://www.nhsinform.scot/illnesses-and-conditions/heart-and-blood-vessels/conditions/low-blood-pressure-hypotension/
L,Lumbar stenosis,https://www.nhsinform.scot/illnesses-and-conditions/muscle-bone-and-joints/neck-and-back-problems-and-conditions/lumbar-stenosis/
L,Lung cancer,https://www.nhsinform.scot/illnesses-and-conditions/cancer/cancer-types-in-adults/lung-cancer/
L,Lupus,https://www.nhsinform.scot/illnesses-and-conditions/immune-system/lupus/
L,Lyme disease,https://www.nhsinform.scot/illnesses-and-conditions/infections-and-poisoning/lyme-disease/
L,Lymphoedema,https://www.nhsinform.scot/illnesses-and-conditions/blood-and-lymph/lymphoedema/
L,Lymphogranuloma venereum (LGV),https://www.nhsinform.scot/illnesses-and-conditions/sexual-and-reproductive/lymphogranuloma-venereum-lgv/
M,Malaria,https://www.nhsinform.scot/illnesses-and-conditions/infections-and-poisoning/malaria/
M,Malignant brain tumour (cancerous),https://www.nhsinform.scot/illnesses-and-conditions/cancer/cancer-types-in-adults/malignant-brain-tumour-cancerous/
M,Malnutrition,https://www.nhsinform.scot/illnesses-and-conditions/nutritional/malnutrition/
M,Managing genital symptoms,https://www.nhsinform.scot/illnesses-and-conditions/sexual-and-reproductive/managing-genital-symptoms/
M,Measles,https://www.nhsinform.scot/illnesses-and-conditions/infections-and-poisoning/measles/
M,Meningitis,https://www.nhsinform.scot/illnesses-and-conditions/infections-and-poisoning/meningitis/
M,Meniere’s disease,https://www.nhsinform.scot/illnesses-and-conditions/ears-nose-and-throat/menieres-disease/
M,Menopause,https://www.nhsinform.scot/healthy-living/womens-health/later-years-around-50-years-and-over#menopause-and-post-menopause-health
M,Mesothelioma,https://www.nhsinform.scot/illnesses-and-conditions/cancer/cancer-types-in-adults/mesothelioma/
M,Middle ear infection (otitis media),https://www.nhsinform.scot/illnesses-and-conditions/ears-nose-and-throat/middle-ear-infection-otitis-media/
M,Migraine,https://www.nhsinform.scot/illnesses-and-conditions/brain-nerves-and-spinal-cord/migraine/
M,Minor head injury,https://www.nhsinform.scot/illnesses-and-conditions/injuries/head-and-neck-injuries/minor-head-injury/
M,Miscarriage,https://www.nhsinform.scot/illnesses-and-conditions/pregnancy-and-childbirth/miscarriage/
M,Motor neurone disease (MND),https://www.nhsinform.scot/illnesses-and-conditions/brain-nerves-and-spinal-cord/motor-neurone-disease-mnd/
M,Mouth cancer,https://www.nhsinform.scot/illnesses-and-conditions/cancer/cancer-types-in-adults/mouth-cancer/
M,Mouth ulcer,https://www.nhsinform.scot/illnesses-and-conditions/mouth/mouth-ulcer/
M,Multiple myeloma,https://www.nhsinform.scot/illnesses-and-conditions/cancer/cancer-types-in-adults/multiple-myeloma/
M,Multiple sclerosis (MS),https://www.nhsinform.scot/illnesses-and-conditions/brain-nerves-and-spinal-cord/multiple-sclerosis-ms/
M,Multiple system atrophy (MSA),https://www.nhsinform.scot/illnesses-and-conditions/brain-nerves-and-spinal-cord/multiple-system-atrophy-msa/
M,Mumps,https://www.nhsinform.scot/illnesses-and-conditions/infections-and-poisoning/mumps/
M,Munchausen’s syndrome,https://www.nhsinform.scot/illnesses-and-conditions/mental-health/munchausens-syndrome/
M,Muscular dystrophy,https://www.nhsinform.scot/illnesses-and-conditions/brain-nerves-and-spinal-cord/muscular-dystrophy/
M,Myalgic encephalomyelitis (ME) or chronic fatigue syndrome (CFS),https://www.nhsinform.scot/illnesses-and-conditions/brain-nerves-and-spinal-cord/myalgic-encephalomyelitis-me-or-chronic-fatigue-syndrome-cfs/
M,Myasthenia gravis,https://www.nhsinform.scot/illnesses-and-conditions/brain-nerves-and-spinal-cord/myasthenia-gravis/
N,Nasal and sinus cancer,https://www.nhsinform.scot/illnesses-and-conditions/cancer/cancer-types-in-adults/nasal-and-sinus-cancer/
N,Nasopharyngeal cancer,https://www.nhsinform.scot/illnesses-and-conditions/cancer/cancer-types-in-adults/nasopharyngeal-cancer/
N,Neck problems,https://www.nhsinform.scot/illnesses-and-conditions/muscle-bone-and-joints/neck-and-back-problems-and-conditions/neck-problems/
N,Neuroblastoma: Children,https://www.nhsinform.scot/illnesses-and-conditions/cancer/cancer-types-in-children/neuroblastoma-children/
N,Neuroendocrine tumours,https://www.nhsinform.scot/illnesses-and-conditions/cancer/cancer-types-in-adults/neuroendocrine-tumours/
N,Non-alcoholic fatty liver disease (NAFLD),https://www.nhsinform.scot/illnesses-and-conditions/stomach-liver-and-gastrointestinal-tract/non-alcoholic-fatty-liver-disease-nafld/
N,Non-Hodgkin lymphoma,https://www.nhsinform.scot/illnesses-and-conditions/cancer/cancer-types-in-adults/non-hodgkin-lymphoma/
N,Non-Hodgkin lymphoma: Children,https://www.nhsinform.scot/illnesses-and-conditions/cancer/cancer-types-in-children/non-hodgkin-lymphoma-children/
N,Norovirus,https://www.nhsinform.scot/illnesses-and-conditions/infections-and-poisoning/norovirus/
N,Nosebleed,https://www.nhsinform.scot/illnesses-and-conditions/ears-nose-and-throat/nosebleed/
O,Obesity,https://www.nhsinform.scot/illnesses-and-conditions/nutritional/obesity/
O,Obsessive compulsive disorder (OCD),https://www.nhsinform.scot/illnesses-and-conditions/mental-health/obsessive-compulsive-disorder-ocd/
O,Obstructive sleep apnoea,https://www.nhsinform.scot/illnesses-and-conditions/lungs-and-airways/obstructive-sleep-apnoea/
O,Oesophageal cancer,https://www.nhsinform.scot/illnesses-and-conditions/cancer/cancer-types-in-adults/oesophageal-cancer/
O,Oral thrush in adults,https://www.nhsinform.scot/illnesses-and-conditions/infections-and-poisoning/oral-thrush-in-adults/
O,Osteoarthritis,https://www.nhsinform.scot/illnesses-and-conditions/muscle-bone-and-joints/conditions-that-can-affect-multiple-parts-of-the-body/osteoarthritis/
O,Osteoarthritis of the hip,https://www.nhsinform.scot/illnesses-and-conditions/muscle-bone-and-joints/leg-and-foot-problems-and-conditions/osteoarthritis-of-the-hip/
O,Osteoarthritis of the knee,https://www.nhsinform.scot/illnesses-and-conditions/muscle-bone-and-joints/leg-and-foot-problems-and-conditions/osteoarthritis-of-the-knee/
O,Osteoarthritis of the thumb,https://www.nhsinform.scot/illnesses-and-conditions/muscle-bone-and-joints/arm-shoulder-and-hand-problems-and-conditions/osteoarthritis-of-the-thumb/
O,Osteoporosis,https://www.nhsinform.scot/illnesses-and-conditions/muscle-bone-and-joints/conditions-that-can-affect-multiple-parts-of-the-body/osteoporosis/
O,Osteosarcoma,https://www.nhsinform.scot/illnesses-and-conditions/cancer/cancer-types-in-children/osteosarcoma/
O,Outer ear infection (otitis externa),https://www.nhsinform.scot/illnesses-and-conditions/ears-nose-and-throat/otitis-externa/
O,Ovarian cancer,https://www.nhsinform.scot/illnesses-and-conditions/cancer/cancer-types-in-adults/ovarian-cancer/
O,Ovarian cancer: Teenagers and young adults,https://www.nhsinform.scot/illnesses-and-conditions/cancer/cancer-types-in-teenagers-and-young-adults/ovarian-cancer-teenagers-and-young-adults/
O,Ovarian cyst,https://www.nhsinform.scot/healthy-living/womens-health/middle-years-around-25-to-50-years/periods-and-menstrual-health/ovarian-cyst/
O,Overactive thyroid,https://www.nhsinform.scot/illnesses-and-conditions/glands/overactive-thyroid/
P,Pain in the ball of the foot,https://www.nhsinform.scot/illnesses-and-conditions/muscle-bone-and-joints/leg-and-foot-problems-and-conditions/pain-in-the-ball-of-the-foot/
P,Paget’s disease of the nipple,https://www.nhsinform.scot/illnesses-and-conditions/cancer/cancer-types-in-adults/pagets-disease-of-the-nipple/
P,Pancreatic cancer,https://www.nhsinform.scot/illnesses-and-conditions/cancer/cancer-types-in-adults/pancreatic-cancer/
P,Panic disorder,https://www.nhsinform.scot/illnesses-and-conditions/mental-health/panic-disorder/
P,Parkinson’s disease,https://www.nhsinform.scot/illnesses-and-conditions/brain-nerves-and-spinal-cord/parkinsons-disease/
P,Patau’s syndrome,https://www.nhsinform.scot/illnesses-and-conditions/chromosomal-conditions/pataus-syndrome/
P,Patellofemoral pain syndrome,https://www.nhsinform.scot/illnesses-and-conditions/muscle-bone-and-joints/leg-and-foot-problems-and-conditions/patellofemoral-pain-syndrome/
P,Pelvic inflammatory disease,https://www.nhsinform.scot/illnesses-and-conditions/sexual-and-reproductive/pelvic-inflammatory-disease/
P,Pelvic organ prolapse,https://www.nhsinform.scot/illnesses-and-conditions/sexual-and-reproductive/pelvic-organ-prolapse/
P,Penile cancer,https://www.nhsinform.scot/illnesses-and-conditions/cancer/cancer-types-in-adults/penile-cancer/
P,Peripheral neuropathy,https://www.nhsinform.scot/illnesses-and-conditions/brain-nerves-and-spinal-cord/peripheral-neuropathy/
P,Personality disorder,https://www.nhsinform.scot/illnesses-and-conditions/mental-health/personality-disorder/
P,PIMS,https://www.nhsinform.scot/illnesses-and-conditions/infections-and-poisoning/coronavirus-covid-19/complications/pims/
P,Plantar heel pain,https://www.nhsinform.scot/illnesses-and-conditions/muscle-bone-and-joints/leg-and-foot-problems-and-conditions/plantar-heel-pain/
P,Pleurisy,https://www.nhsinform.scot/illnesses-and-conditions/lungs-and-airways/pleurisy/
P,Pneumonia,https://www.nhsinform.scot/illnesses-and-conditions/lungs-and-airways/pneumonia/
P,Polio,https://www.nhsinform.scot/illnesses-and-conditions/infections-and-poisoning/polio/
P,Polycystic ovary syndrome (PCOS),https://www.nhsinform.scot/healthy-living/womens-health/girls-and-young-women-puberty-to-around-25/periods-and-menstrual-health/polycystic-ovary-syndrome-pcos/
P,Polymyalgia rheumatica,https://www.nhsinform.scot/illnesses-and-conditions/muscle-bone-and-joints/conditions-that-can-affect-multiple-parts-of-the-body/polymyalgia-rheumatica/
P,Post-concussion syndrome,https://www.nhsinform.scot/illnesses-and-conditions/injuries/head-and-neck-injuries/post-concussion-syndrome-pcs/
P,Post-polio syndrome,https://www.nhsinform.scot/illnesses-and-conditions/brain-nerves-and-spinal-cord/post-polio-syndrome/
P,Post-traumatic stress disorder (PTSD),https://www.nhsinform.scot/illnesses-and-conditions/mental-health/post-traumatic-stress-disorder-ptsd/
P,Postural orthostatic tachycardia syndrome (PoTS),https://www.nhsinform.scot/long-covid/postural-orthostatic-tachycardia-syndrome-pots/
P,Postnatal depression,https://www.nhsinform.scot/illnesses-and-conditions/mental-health/postnatal-depression/
P,Pregnancy and baby,https://www.nhsinform.scot/ready-steady-baby/
P,Pressure ulcers,https://www.nhsinform.scot/illnesses-and-conditions/skin-hair-and-nails/pressure-ulcers/
P,Progressive supranuclear palsy (PSP),https://www.nhsinform.scot/illnesses-and-conditions/brain-nerves-and-spinal-cord/progressive-supranuclear-palsy-psp/
P,Prostate cancer,https://www.nhsinform.scot/illnesses-and-conditions/cancer/cancer-types-in-adults/prostate-cancer/
P,Psoriasis,https://www.nhsinform.scot/illnesses-and-conditions/skin-hair-and-nails/psoriasis/
P,Psoriatic arthritis,https://www.nhsinform.scot/illnesses-and-conditions/muscle-bone-and-joints/conditions-that-can-affect-multiple-parts-of-the-body/psoriatic-arthritis/
P,Psychosis,https://www.nhsinform.scot/illnesses-and-conditions/mental-health/psychosis/
P,Pubic lice,https://www.nhsinform.scot/illnesses-and-conditions/sexual-and-reproductive/pubic-lice/
P,Pulmonary hypertension,https://www.nhsinform.scot/illnesses-and-conditions/a-to-z/pulmonary-hypertension/
P,Phobias,https://www.nhsinform.scot/illnesses-and-conditions/mental-health/phobias/
R,Rare conditions,https://www.nhsinform.scot/illnesses-and-conditions/rare-conditions/
R,Rare tumours,https://www.nhsinform.scot/illnesses-and-conditions/cancer/cancer-types-in-children/rare-tumours/
R,Raynaud’s phenomenon,https://www.nhsinform.scot/illnesses-and-conditions/a-to-z/raynauds-phenomenon/
R,Reactive arthritis,https://www.nhsinform.scot/illnesses-and-conditions/muscle-bone-and-joints/conditions-that-can-affect-multiple-parts-of-the-body/reactive-arthritis/
R,Restless legs syndrome,https://www.nhsinform.scot/illnesses-and-conditions/brain-nerves-and-spinal-cord/restless-legs-syndrome/
R,Respiratory syncytial virus (RSV),https://www.nhsinform.scot/illnesses-and-conditions/infections-and-poisoning/respiratory-syncytial-virus-rsv/
R,Retinoblastoma: Children,https://www.nhsinform.scot/illnesses-and-conditions/cancer/cancer-types-in-children/retinoblastoma-children/
R,Rhabdomyosarcoma,https://www.nhsinform.scot/illnesses-and-conditions/cancer/cancer-types-in-children/rhabdomyosarcoma/
R,Rheumatoid arthritis,https://www.nhsinform.scot/illnesses-and-conditions/muscle-bone-and-joints/conditions-that-can-affect-multiple-parts-of-the-body/rheumatoid-arthritis/
R,Ringworm and other fungal infections,https://www.nhsinform.scot/illnesses-and-conditions/infections-and-poisoning/ringworm-and-other-fungal-infections/
R,Rosacea,https://www.nhsinform.scot/illnesses-and-conditions/skin-hair-and-nails/rosacea/
S,Scabies,https://www.nhsinform.scot/illnesses-and-conditions/skin-hair-and-nails/scabies/
S,Scarlet fever,https://www.nhsinform.scot/illnesses-and-conditions/infections-and-poisoning/scarlet-fever/
S,Schizophrenia,https://www.nhsinform.scot/illnesses-and-conditions/mental-health/schizophrenia/
S,Sciatica,https://www.nhsinform.scot/illnesses-and-conditions/muscle-bone-and-joints/neck-and-back-problems-and-conditions/sciatica/
S,Seasonal affective disorder (SAD),https://www.nhsinform.scot/illnesses-and-conditions/mental-health/seasonal-affective-disorder-sad/
S,Sepsis,https://www.nhsinform.scot/illnesses-and-conditions/blood-and-lymph/sepsis/
S,Septic shock,https://www.nhsinform.scot/illnesses-and-conditions/blood-and-lymph/septic-shock/
S,Severe head injury,https://www.nhsinform.scot/illnesses-and-conditions/injuries/head-and-neck-injuries/severe-head-injury/
S,Shingles,https://www.nhsinform.scot/illnesses-and-conditions/infections-and-poisoning/shingles/
S,Shortness of breath,https://www.nhsinform.scot/illnesses-and-conditions/lungs-and-airways/shortness-of-breath/
S,Sickle cell disease,https://www.nhsinform.scot/illnesses-and-conditions/blood-and-lymph/sickle-cell-disease/
S,Sinusitis,https://www.nhsinform.scot/illnesses-and-conditions/ears-nose-and-throat/sinusitis/
S,Sjogren’s syndrome,https://www.nhsinform.scot/illnesses-and-conditions/immune-system/sjogrens-syndrome/
S,Skin cancer (melanoma),https://www.nhsinform.scot/illnesses-and-conditions/cancer/cancer-types-in-adults/skin-cancer-melanoma/
S,Skin cancer (non-melanoma),https://www.nhsinform.scot/illnesses-and-conditions/cancer/cancer-types-in-adults/skin-cancer-non-melanoma/
S,Skin light sensitivity (photosensitivity),https://www.nhsinform.scot/illnesses-and-conditions/skin-hair-and-nails/skin-light-sensitivity/skin-light-sensitivity-photosensitivity/
S,Skin rashes in children,https://www.nhsinform.scot/illnesses-and-conditions/skin-hair-and-nails/skin-rashes-in-children/
S,Slapped cheek syndrome,https://www.nhsinform.scot/illnesses-and-conditions/infections-and-poisoning/slapped-cheek-syndrome/
S,Soft tissue sarcomas,https://www.nhsinform.scot/illnesses-and-conditions/cancer/cancer-types-in-adults/soft-tissue-sarcomas/
S,Soft tissue sarcomas: Teenagers and young adults,https://www.nhsinform.scot/illnesses-and-conditions/cancer/cancer-types-in-teenagers-and-young-adults/soft-tissue-sarcomas-teenagers-and-young-adults/
S,Sore throat,https://www.nhsinform.scot/illnesses-and-conditions/ears-nose-and-throat/sore-throat/
S,Spina bifida,https://www.nhsinform.scot/illnesses-and-conditions/brain-nerves-and-spinal-cord/spina-bifida/
S,Spleen problems and spleen removal,https://www.nhsinform.scot/illnesses-and-conditions/stomach-liver-and-gastrointestinal-tract/spleen-problems-and-spleen-removal/
S,Stillbirth,https://www.nhsinform.scot/illnesses-and-conditions/pregnancy-and-childbirth/stillbirth/
S,Stomach ache and abdominal pain,https://www.nhsinform.scot/illnesses-and-conditions/stomach-liver-and-gastrointestinal-tract/stomach-ache-and-abdominal-pain/
S,Stomach cancer,https://www.nhsinform.scot/illnesses-and-conditions/cancer/cancer-types-in-adults/stomach-cancer/
S,Stomach ulcer,https://www.nhsinform.scot/illnesses-and-conditions/stomach-liver-and-gastrointestinal-tract/stomach-ulcer/
S,Streptococcus A (strep A),https://www.nhsinform.scot/illnesses-and-conditions/infections-and-poisoning/streptococcus-a-strep-a/
S,"Stress, anxiety and low mood",https://www.nhsinform.scot/healthy-living/mental-wellbeing/
S,Stroke,https://www.nhsinform.scot/illnesses-and-conditions/brain-nerves-and-spinal-cord/stroke/
S,Subacromial pain syndrome,https://www.nhsinform.scot/illnesses-and-conditions/muscle-bone-and-joints/arm-shoulder-and-hand-problems-and-conditions/subacromial-pain-syndrome/
S,Sudden infant death syndrome (SIDS),https://www.nhsinform.scot/ready-steady-baby/early-parenthood/going-home/sleeping-safely/
S,Suicide,https://www.nhsinform.scot/surviving-suicidal-thoughts/getting-help-with-your-suicidal-thoughts/
S,Sunburn,https://www.nhsinform.scot/illnesses-and-conditions/injuries/skin-injuries/sunburn/
S,Supraventricular tachycardia,https://www.nhsinform.scot/illnesses-and-conditions/cardiovascular-disease/heart-disease/supraventricular-tachycardia/
S,Swollen glands,https://www.nhsinform.scot/illnesses-and-conditions/glands/swollen-glands/
S,Syphilis,https://www.nhsinform.scot/illnesses-and-conditions/sexual-and-reproductive/syphilis/
S,Self-harm,https://www.nhsinform.scot/illnesses-and-conditions/mental-health/self-harm/
T,Tennis elbow,https://www.nhsinform.scot/illnesses-and-conditions/muscle-bone-and-joints/arm-shoulder-and-hand-problems-and-conditions/tennis-elbow/
T,Testicular cancer,https://www.nhsinform.scot/illnesses-and-conditions/cancer/cancer-types-in-adults/testicular-cancer/
T,Testicular cancer: Teenagers and young adults,https://www.nhsinform.scot/illnesses-and-conditions/cancer/cancer-types-in-teenagers-and-young-adults/testicular-cancer-teenagers-and-young-adults/
T,Testicular lumps and swellings,https://www.nhsinform.scot/illnesses-and-conditions/sexual-and-reproductive/testicular-lumps-and-swellings/
T,Thirst,https://www.nhsinform.scot/illnesses-and-conditions/nutritional/thirst/
T,Threadworms,https://www.nhsinform.scot/illnesses-and-conditions/stomach-liver-and-gastrointestinal-tract/threadworms/
T,Thrush,https://www.nhsinform.scot/illnesses-and-conditions/sexual-and-reproductive/thrush/
T,Thyroid cancer,https://www.nhsinform.scot/illnesses-and-conditions/cancer/cancer-types-in-adults/thyroid-cancer/
T,Thyroid cancer: Teenagers and young adults,https://www.nhsinform.scot/illnesses-and-conditions/cancer/cancer-types-in-teenagers-and-young-adults/thyroid-cancer-teenagers-and-young-adults/
T,Tick bites,https://www.nhsinform.scot/illnesses-and-conditions/injuries/skin-injuries/tick-bites/
T,Tinnitus,https://www.nhsinform.scot/illnesses-and-conditions/ears-nose-and-throat/tinnitus/
T,Tonsillitis,https://www.nhsinform.scot/illnesses-and-conditions/ears-nose-and-throat/tonsillitis/
T,Tooth decay,https://www.nhsinform.scot/illnesses-and-conditions/mouth/tooth-decay/
T,Toothache,https://www.nhsinform.scot/illnesses-and-conditions/mouth/toothache/
T,Tourette’s syndrome,https://www.nhsinform.scot/illnesses-and-conditions/brain-nerves-and-spinal-cord/tourettes-syndrome/
T,Transient ischaemic attack (TIA),https://www.nhsinform.scot/illnesses-and-conditions/brain-nerves-and-spinal-cord/transient-ischaemic-attack-tia/
T,Transverse myelitis,https://www.nhsinform.scot/illnesses-and-conditions/brain-nerves-and-spinal-cord/transverse-myelitis/
T,Trichomonas infection,https://www.nhsinform.scot/illnesses-and-conditions/sexual-and-reproductive/trichomonas-infection/
T,Trigeminal neuralgia,https://www.nhsinform.scot/illnesses-and-conditions/brain-nerves-and-spinal-cord/trigeminal-neuralgia/
T,Tuberculosis (TB),https://www.nhsinform.scot/illnesses-and-conditions/infections-and-poisoning/tuberculosis-tb/
T,Type 1 diabetes,https://www.nhsinform.scot/illnesses-and-conditions/diabetes/type-1-diabetes/
T,Type 2 diabetes,https://www.nhsinform.scot/illnesses-and-conditions/diabetes/type-2-diabetes/
U,Ulcerative colitis,https://www.nhsinform.scot/illnesses-and-conditions/stomach-liver-and-gastrointestinal-tract/inflammatory-bowel-disease-ibd/ulcerative-colitis/
U,Underactive thyroid,https://www.nhsinform.scot/illnesses-and-conditions/glands/underactive-thyroid/
U,Urinary incontinence,https://www.nhsinform.scot/illnesses-and-conditions/kidneys-bladder-and-prostate/urinary-incontinence/
U,Urinary incontinence in women,https://www.nhsinform.scot/healthy-living/womens-health/middle-years-around-25-to-50-years/pelvic-health/urinary-incontinence-in-women/
U,Urinary tract infection (UTI),https://www.nhsinform.scot/illnesses-and-conditions/kidneys-bladder-and-prostate/urinary-tract-infection-uti/
U,Urinary tract infection (UTI) in children,https://www.nhsinform.scot/illnesses-and-conditions/kidneys-bladder-and-prostate/urinary-tract-infection-uti-in-children/
U,Urticaria (hives),https://www.nhsinform.scot/illnesses-and-conditions/skin-hair-and-nails/hives/
V,Vaginal cancer,https://www.nhsinform.scot/illnesses-and-conditions/cancer/cancer-types-in-adults/vaginal-cancer/
V,Vaginal discharge,https://www.nhsinform.scot/illnesses-and-conditions/sexual-and-reproductive/vaginal-discharge/
V,Varicose eczema,https://www.nhsinform.scot/illnesses-and-conditions/skin-hair-and-nails/varicose-eczema/
V,Varicose veins,https://www.nhsinform.scot/illnesses-and-conditions/a-to-z/varicose-veins/
V,Venous leg ulcer,https://www.nhsinform.scot/illnesses-and-conditions/skin-hair-and-nails/venous-leg-ulcer/
V,Vertigo,https://www.nhsinform.scot/illnesses-and-conditions/ears-nose-and-throat/vertigo/
V,Vitamin B12 or folate deficiency anaemia,https://www.nhsinform.scot/illnesses-and-conditions/nutritional/vitamin-b12-or-folate-deficiency-anaemia/
V,Vomiting in adults,https://www.nhsinform.scot/illnesses-and-conditions/stomach-liver-and-gastrointestinal-tract/vomiting-in-adults/
V,Vomiting in children and babies,https://www.nhsinform.scot/illnesses-and-conditions/stomach-liver-and-gastrointestinal-tract/vomiting-in-children-and-babies/
V,Vulval cancer,https://www.nhsinform.scot/illnesses-and-conditions/cancer/cancer-types-in-adults/vulval-cancer/
W,Warts and verrucas,https://www.nhsinform.scot/illnesses-and-conditions/skin-hair-and-nails/warts-and-verrucas/
W,Whiplash,https://www.nhsinform.scot/illnesses-and-conditions/muscle-bone-and-joints/neck-and-back-problems-and-conditions/whiplash/
W,Whooping cough,https://www.nhsinform.scot/illnesses-and-conditions/infections-and-poisoning/whooping-cough/
W,Wilms’ tumour,https://www.nhsinform.scot/illnesses-and-conditions/cancer/cancer-types-in-children/wilms-tumour/
W,Wolff-Parkinson-White syndrome,https://www.nhsinform.scot/illnesses-and-conditions/cardiovascular-disease/heart-disease/wolff-parkinson-white-syndrome/
W,Womb (uterus) cancer,https://www.nhsinform.scot/illnesses-and-conditions/cancer/cancer-types-in-adults/womb-uterus-cancer/
Y,Yellow fever,https://www.nhsinform.scot/illnesses-and-conditions/infections-and-poisoning/yellow-fever/
Z,Zika virus,https://www.nhsinform.scot/illnesses-and-conditions/infections-and-poisoning/zika-virus/
